loving,6
him,21
is,3
like,13
driving,2
a,5
new,2
maserati,2
down,2
deadend,2
street,2
faster,1
than,1
the,4
wind,1
passionate,1
as,3
sin,1
ending,1
so,2
suddenly,1
trying,5
to,7
change,1
your,2
mind,1
once,1
you're,1
already,1
flying,1
through,1
free,1
fall,1
colors,1
in,6
autumn,1
bright,1
just,1
before,1
they,1
lose,1
it,3
all,7
losing,3
was,20
blue,3
i'd,3
never,7
known,3
missing,3
dark,3
grey,3
alone,3
forgetting,3
know,3
somebody,3
you,6
met,3
but,3
red,43
touching,1
realizing,2
ever,1
wanted,1
right,2
there,1
front,1
of,1
memorizing,1
easy,1
knowing,1
words,1
old,1
favorite,1
song,1
fighting,1
with,1
solve,1
crossword,1
and,3
there's,1
no,1
answer,1
regretting,1
wishing,1
found,1
out,1
that,2
love,2
could,1
be,1
strong,1
whoa,2
oh,2
burning,5
remembering,1
comes,2
flashbacks,1
echoes,1
tell,1
myself,1
it's,1
time,1
now,1
gotta,1
let,1
go,1
moving,1
on,1
from,1
impossible,1
when,1
i,1
still,1
see,1
my,2
head,2
'cause,1
yeah,4
we're,1
that's,1
why,1
he's,1
spinnin',1
'round,1
back,1
me,1
his,1
