fack,21
ow,20
oh,19
going,14
uh,14
cum,13
fuck,9
fucking,7
facking,6
yeah,6
like,6
goddamn,5
cumming,5
ass,5
gerbil,5
tube,5
shove,5
shit,4
god,4
slim,4
shady,4
ew,4
stop,3
wait,3
boobs,3
bitch,2
think,2
mean,2
minute,2
ooh,2
hot,2
want,2
see,2
call,2
let,2
go,2
okay,2
came,2
right,2
never,1
seen,1
chick,1
twist,1
damn,1
contortionist,1
condom,1
dick,1
course,1
know,1
abortion,1
cannot,1
fucks,1
porn,1
star,1
looks,1
jenna,1
rubber's,1
comin',1
wet,1
soft,1
start,1
lettin',1
squirting,1
gettin',1
top,1
wow,1
boom,1
pow,1
need,1
cigarette,1
said,1
freak,1
girl,1
baby,1
mr,1
freaky,1
us,1
sister,1
threeway,1
threesome,1
horny,1
babe,1
youâ€”fuck,1
shaved,1
done,1
already,1
twice,1
make,1
outta,1
gas,1
fast,1
finger,1
went,1
hurts,1
take,1
aw,1
put,1
back,1
ininin,1
gay,1
men,1
grab,1
butt,1
little,1
rascal,1
nibble,1
asshole,1
ah,1
pull,1
enhh,1
still,1
crawling,1
around,1
stuck,1
feels,1
good,1
