nobody,9
play,9
man,8
make,8
feels,8
right,8
going,8
home,8
put,7
ya,6
ok,5
trance,5
dance,5
like,5
wrong,4
steps,4
need,4
give,4
chance,4
way,4
want,4
taking,4
ball,4
ass,4
jump,3
blood,3
think,3
might,3
slash,3
shady,3
back,3
vocals,2
come,2
shove,2
holes,2
mud,2
little,2
fuckin',2
leave,2
bath,2
bitch,2
one,2
disappear,2
know,2
tryna,2
get,2
tube,2
hair,2
guys,2
sad,2
mom,2
yo,1
dre,1
sound,1
sexy,1
woo,1
guy,1
diamond,1
hind,1
end,1
crush,1
butt,1
muscles,1
cut,1
slut,1
poke,1
shirt,1
puddles,1
stomp,1
girl,1
let,1
us,1
cuddle,1
curdlin',1
gurglin',1
next,1
trick,1
feelin',1
wonderful,1
something,1
less,1
subtle,1
tonka,1
truck,1
kid's,1
butthole,1
feel,1
wrath,1
psychopath,1
ambassador,1
valentine's,1
day,1
massacre,1
assassin,1
icicle,1
layin',1
catheter,1
spiderman,1
mask,1
imagine,1
fun,1
strapon,1
stick,1
kim,1
kardashian's,1
run,1
triathlon,1
pistachios,1
damn,1
would,1
laying,1
patio,1
rolling,1
fat,1
drop,1
magic,1
marker,1
cap,1
goddamn,1
much,1
asshole,1
houdini,1
tuck,1
teenie,1
eenie,1
weenie,1
thighs,1
genie,1
shit,1
tara,1
reid,1
bikini,1
believe,1
homie,1
meaning,1
meanie,1
call,1
fruit,1
loop,1
jupiter,1
maneuver,1
hoover,1
poop,1
chute,1
move,1
stuck,1
far,1
uvula,1
gluteus,1
totally,1
tubular,1
sniffin',1
glue,1
studio,1
fruitier,1
wiener,1
smothered,1
peanut,1
butter,1
puttin',1
eye,1
shadow,1
looked,1
nice,1
seen,1
mother,1
piece,1
art,1
visa,1
card,1
go,1
beat,1
mischa,1
barton,1
cuisinart,1
mosey,1
rosie,1
o'donnell's,1
mcdonald's,1
lap,1
watch,1
sopranos,1
chewin',1
human,1
grab,1
aluminum,1
bat,1
hit,1
heidi,1
klum,1
boom,1
assumin',1
fact,1
dude's,1
room,1
usin',1
bathroom,1
vacuumin',1
raccoon,1
skewin',1
rat,1
cat,1
screwin',1
baboon,1
ask,1
broom,1
glad,1
full,1
stab,1
wounds,1
ooh,1
afraid,1
sarah,1
palin,1
wear,1
bathin',1
suit,1
take,1
parasailin',1
got,1
pick,1
lady,1
read,1
84,1
bedtime,1
stories,1
baby,1
talk,1
scared,1
monsters,1
bed,1
kellie,1
pickler,1
hid,1
juice,1
box,1
bassinet,1
wonder,1
wet,1
diaper,1
needs,1
changed,1
graffiti,1
dyke,1
well,1
peepee,1
write,1
name,1
fine,1
wants,1
fuck,1
always,1
mean,1
anyways,1
ever,1
rub,1
gum,1
stuff,1
cry,1
crying,1
tell,1
